{
  "_id": "",
  "created": "",
  "updated": "",
  "rvn": 1,
  "wipeNumber": 1,
  "accountId": "",
  "profileId": "common_core",
  "version": "neonite_2",
  "items": {
    "Currency:MtxPurchased": {
      "attributes": {
        "platform": "EpicPC"
      },
      "quantity": 500000,
      "templateId": "Currency:MtxPurchased"
    }
  },
  "stats": {
    "attributes": {
      "mtx_affiliate": "FORTNITE.DEV",
      "current_mtx_platform": "EpicPC",
      "mtx_purchase_history": {}
    }
  }
}