{
  "_id": "FaZeVortyx",
  "created": "2021-02-16T02:06:28.380Z",
  "updated": "2021-02-16T23:44:39.455Z",
  "rvn": 4,
  "wipeNumber": 1,
  "accountId": "FaZeVortyx",
  "profileId": "common_core",
  "version": "neonite_2",
  "items": {
    "Currency:MtxPurchased": {
      "attributes": {
        "platform": "EpicPC"
      },
      "quantity": 500000,
      "templateId": "Currency:MtxPurchased"
    }
  },
  "stats": {
    "attributes": {
      "mtx_affiliate": "Stoney",
      "current_mtx_platform": "EpicPC",
      "mtx_purchase_history": {},
      "mtx_affiliate_set_time": "2021-02-16T23:44:39.455Z"
    }
  },
  "commandRevision": 2
}